 <settings xmlns="http://maven.apache.org/SETTINGS/1.0.0"
      xmlns:xsi="http://www.w3.org/2001/XMLSchema-instance"
      xsi:schemaLocation="http://maven.apache.org/SETTINGS/1.0.0
                          https://maven.apache.org/xsd/settings-1.0.0.xsd">
      <localRepository/>
      <interactiveMode/>
      <usePluginRegistry/>
      <offline/>
      <pluginGroups/>
      <servers/>
       <mirrors>
    <mirror>
      <id>planetmirror.com</id>
      <name>PlanetMirror Australia</name>
      <url>http://bgcldevops:8081/content/repositories/maven-central/</url>
      <mirrorOf>central</mirrorOf>
    </mirror>
  </mirrors>
      <proxies/>
      <profiles/>
      <activeProfiles/>
    </settings>